level,amplitude_mpa,specimen,cycles,status
s300,300,1,18200,failed
s300,300,2,24600,failed
s300,300,3,30900,failed
s300,300,4,38000,failed
s300,300,5,51300,failed
s260,260,1,155000,failed
s260,260,2,205000,failed
s260,260,3,66300,failed
s260,260,4,110000,failed
s260,260,5,132000,failed
s230,230,1,461000,failed
s230,230,2,568000,failed
s230,230,3,821000,failed
s230,230,4,272000,failed
s230,230,5,334000,failed
s200,200,1,853000,failed
s200,200,2,1290000,failed
s200,200,3,1910000,failed
s200,200,4,2000000,runout
s200,200,5,2000000,runout
