rpm,run,time_min,do_pct
200,1,0,0.0
200,2,0,0.0
200,3,0,0.0
200,1,5,14.8
200,2,5,16.2
200,3,5,15.0
200,1,10,28.0
200,2,10,27.8
200,3,10,29.2
200,1,15,40.2
200,2,15,39.0
200,3,15,38.8
200,1,20,48.1
200,2,20,49.6
200,3,20,48.4
200,1,30,62.9
200,2,30,62.6
200,3,30,64.1
200,1,45,78.6
200,2,45,77.4
200,3,45,77.1
300,1,0,0.0
300,2,0,0.0
300,3,0,0.0
300,1,5,26.1
300,2,5,25.8
300,3,5,27.3
300,1,10,46.7
300,2,10,45.5
300,3,10,45.2
300,1,15,59.5
300,2,15,61.0
300,3,15,59.8
300,1,20,70.3
300,2,20,70.0
300,3,20,71.5
300,1,30,85.0
300,2,30,83.8
300,3,30,83.5
300,1,45,93.0
300,2,45,94.5
300,3,45,93.3
400,1,0,0.0
400,2,0,0.0
400,3,0,0.0
400,1,5,38.5
400,2,5,37.3
400,3,5,37.0
400,1,10,60.4
400,2,10,62.0
400,3,10,60.8
400,1,15,75.4
400,2,15,75.1
400,3,15,76.6
400,1,20,85.7
400,2,20,84.5
400,3,20,84.2
400,1,30,93.5
400,2,30,95.0
400,3,30,93.8
400,1,45,98.3
400,2,45,98.0
400,3,45,99.5
