sample,task,q2_deg,replicate,command_q1_rad_s,command_q2_rad_s,reported_vx_mm_s,reported_vy_mm_s
in90,inward,90,1,-0.0,0.05,-10.02,0.01
in90,inward,90,2,-0.0,0.05,-10.0,0
in90,inward,90,3,-0.0,0.05,-9.98,-0.01
in30,inward,30,1,-0.057735027,0.157735027,-10.02,0.01
in30,inward,30,2,-0.057735027,0.157735027,-10.0,0
in30,inward,30,3,-0.057735027,0.157735027,-9.98,-0.01
in10,inward,10,1,-0.189042727,0.476981251,-10.02,0.01
in10,inward,10,2,-0.189042727,0.476981251,-10.0,0
in10,inward,10,3,-0.189042727,0.476981251,-9.98,-0.01
in02,inward,2,1,-0.199926881,0.5,-2.11448,0.01
in02,inward,2,2,-0.199926881,0.5,-2.09448,0.0
in02,inward,2,3,-0.199926881,0.5,-2.07448,-0.01
ta90,tangent,90,1,0.033333333,-0.033333333,-0.02,10.01
ta90,tangent,90,2,0.033333333,-0.033333333,0,10.0
ta90,tangent,90,3,0.033333333,-0.033333333,0.02,9.99
ta30,tangent,30,1,0.033333333,-0.033333333,-0.02,10.01
ta30,tangent,30,2,0.033333333,-0.033333333,0,10.0
ta30,tangent,30,3,0.033333333,-0.033333333,0.02,9.99
ta10,tangent,10,1,0.033333333,-0.033333333,-0.02,10.01
ta10,tangent,10,2,0.033333333,-0.033333333,0,10.0
ta10,tangent,10,3,0.033333333,-0.033333333,0.02,9.99
ta02,tangent,2,1,0.033333333,-0.033333333,-0.02,10.01
ta02,tangent,2,2,0.033333333,-0.033333333,0,10.0
ta02,tangent,2,3,0.033333333,-0.033333333,0.02,9.99
