sample,condition,time_s,replicate,reported_voltage_v
zero,reference,,1,0.018
zero,reference,,2,0.02
zero,reference,,3,0.022
cal,reference,,1,5.018
cal,reference,,2,5.02
cal,reference,,3,5.022
a00,a,0,1,0.018
a00,a,0,2,0.02
a00,a,0,3,0.022
a05,a,0.05,1,0.787182
a05,a,0.05,2,0.789182
a05,a,0.05,3,0.791182
a10,a,0.1,1,1.230962
a10,a,0.1,2,1.232962
a10,a,0.1,3,1.234962
a20,a,0.2,1,1.634722
a20,a,0.2,2,1.636722
a20,a,0.2,3,1.638722
ass,a,,1,1.836182
ass,a,,2,1.838182
ass,a,,3,1.840182
b00,b,0,1,0.018
b00,b,0,2,0.02
b00,b,0,3,0.022
b05,b,0.05,1,0.650121
b05,b,0.05,2,0.652121
b05,b,0.05,3,0.654121
b10,b,0.1,1,0.882665
b10,b,0.1,2,0.884665
b10,b,0.1,3,0.886665
b20,b,0.2,1,0.999684
b20,b,0.2,2,1.001684
b20,b,0.2,3,1.003684
bss,b,,1,1.018
bss,b,,2,1.02
bss,b,,3,1.022
