sample,condition,input_diff_mv,input_common_v,time_s,replicate,reported_output_v
low_m15,low,-15,0,,1,-0.201
low_m15,low,-15,0,,2,-0.2
low_m15,low,-15,0,,3,-0.199
low_m5,low,-5,0,,1,-0.001
low_m5,low,-5,0,,2,0.0
low_m5,low,-5,0,,3,0.001
low_0,low,0,0,,1,0.099
low_0,low,0,0,,2,0.1
low_0,low,0,0,,3,0.101
low_p5,low,5,0,,1,0.199
low_p5,low,5,0,,2,0.2
low_p5,low,5,0,,3,0.201
low_p15,low,15,0,,1,0.399
low_p15,low,15,0,,2,0.4
low_p15,low,15,0,,3,0.401
high_m15,high,-15,0,,1,-1
high_m15,high,-15,0,,2,-1
high_m15,high,-15,0,,3,-1
high_m5,high,-5,0,,1,-0.401
high_m5,high,-5,0,,2,-0.4
high_m5,high,-5,0,,3,-0.399
high_0,high,0,0,,1,0.099
high_0,high,0,0,,2,0.1
high_0,high,0,0,,3,0.101
high_p5,high,5,0,,1,0.599
high_p5,high,5,0,,2,0.6
high_p5,high,5,0,,3,0.601
high_p15,high,15,0,,1,1
high_p15,high,15,0,,2,1
high_p15,high,15,0,,3,1
cm_m1,common,0,-1,,1,0.089
cm_m1,common,0,-1,,2,0.09
cm_m1,common,0,-1,,3,0.091
cm_p1,common,0,1,,1,0.109
cm_p1,common,0,1,,2,0.11
cm_p1,common,0,1,,3,0.111
drift_0,drift,0,0,0,1,0.399
drift_0,drift,0,0,0,2,0.4
drift_0,drift,0,0,0,3,0.401
drift_05,drift,0,0,0.5,1,0.209364
drift_05,drift,0,0,0.5,2,0.210364
drift_05,drift,0,0,0.5,3,0.211364
drift_1,drift,0,0,1,1,0.139601
drift_1,drift,0,0,1,2,0.140601
drift_1,drift,0,0,1,3,0.141601
drift_2,drift,0,0,2,1,0.104495
drift_2,drift,0,0,2,2,0.105495
drift_2,drift,0,0,2,3,0.106495
