group,animal,last_day_observed,died,grip_strength_g_day730
control,C01,612,1,
control,C02,655,1,
control,C03,690,1,
control,C04,718,1,
control,C05,742,1,92
control,C06,760,1,88
control,C07,781,1,95
control,C08,803,1,90
control,C09,826,1,86
control,C10,850,1,93
control,C11,879,1,89
control,C12,915,1,91
intervention,I01,640,1,
intervention,I02,701,1,
intervention,I03,745,1,94
intervention,I04,772,1,90
intervention,I05,798,1,97
intervention,I06,821,1,92
intervention,I07,846,1,88
intervention,I08,870,1,95
intervention,I09,905,1,91
intervention,I10,940,1,93
intervention,I11,1000,0,89
intervention,I12,1000,0,96
