condition,substrate_um,replicate,rate_um_per_min
control,1,1,17.27
control,1,2,16.37
control,1,3,16.37
control,2.5,1,32.93
control,2.5,2,33.53
control,2.5,3,33.53
control,5,1,50.30
control,5,2,49.40
control,5,3,50.30
control,10,1,67.27
control,10,2,66.37
control,10,3,66.37
control,20,1,79.60
control,20,2,80.20
control,20,3,80.20
control,50,1,91.21
control,50,2,90.31
control,50,3,91.21
inhibitor,1,1,5.85
inhibitor,1,2,6.45
inhibitor,1,3,6.45
inhibitor,2.5,1,14.59
inhibitor,2.5,2,13.69
inhibitor,2.5,3,14.59
inhibitor,5,1,25.60
inhibitor,5,2,24.70
inhibitor,5,3,24.70
inhibitor,10,1,39.60
inhibitor,10,2,40.20
inhibitor,10,3,40.20
inhibitor,20,1,57.44
inhibitor,20,2,56.54
inhibitor,20,3,57.44
inhibitor,50,1,77.52
inhibitor,50,2,76.62
inhibitor,50,3,76.62
