condition,preparation,original_area_mm2,initial_length_mm,extension_mm,force_signal_n,force_background_n,accessible_ligand_au,seeded_cells,viable_attached_cells,nuclear_marker_positive_cells,summed_cell_area_um2
soft_low,b01,2.0,10.0,0.1,0.00015,5e-05,1,1000,300,54,135000.0
soft_high,b01,2.0,10.0,0.1,0.00015,5e-05,3,1000,400,112,288000.0
stiff_low,b01,2.0,10.0,0.1,0.00055,5e-05,1,1000,350,133,220500.0
stiff_high,b01,2.0,10.0,0.1,0.00055,5e-05,3,1000,500,290,495000.0
stiff_high_block,b01,2.0,10.0,0.1,0.00055,5e-05,3,1000,200,66,135000.0
stiff_high_rescue,b01,2.0,10.0,0.1,0.00055,5e-05,3,1000,450,238,405000.0
soft_low,b02,2.0,10.0,0.15,0.0002,5e-05,1,2000,600,132,330000.0
soft_high,b02,2.0,10.0,0.15,0.0002,5e-05,3,2000,800,256,704000.0
stiff_low,b02,2.0,10.0,0.15,0.0008,5e-05,1,2000,700,294,539000.0
stiff_high,b02,2.0,10.0,0.15,0.0008,5e-05,3,2000,1000,620,1210000.0
stiff_high_block,b02,2.0,10.0,0.15,0.0008,5e-05,3,2000,400,148,330000.0
stiff_high_rescue,b02,2.0,10.0,0.15,0.0008,5e-05,3,2000,900,513,990000.0
soft_low,b03,2.0,10.0,0.2,0.00025,5e-05,1,1000,300,48,150000.0
soft_high,b03,2.0,10.0,0.2,0.00025,5e-05,3,1000,400,104,320000.0
stiff_low,b03,2.0,10.0,0.2,0.00105,5e-05,1,1000,350,126,245000.0
stiff_high,b03,2.0,10.0,0.2,0.00105,5e-05,3,1000,500,280,550000.0
stiff_high_block,b03,2.0,10.0,0.2,0.00105,5e-05,3,1000,200,62,150000.0
stiff_high_rescue,b03,2.0,10.0,0.2,0.00105,5e-05,3,1000,450,229,450000.0
soft_low,b04,2.0,10.0,0.1,0.00015,5e-05,1,2000,600,144,300000.0
soft_high,b04,2.0,10.0,0.1,0.00015,5e-05,3,2000,800,272,640000.0
stiff_low,b04,2.0,10.0,0.1,0.00055,5e-05,1,2000,700,308,490000.0
stiff_high,b04,2.0,10.0,0.1,0.00055,5e-05,3,2000,1000,640,1100000.0
stiff_high_block,b04,2.0,10.0,0.1,0.00055,5e-05,3,2000,400,156,300000.0
stiff_high_rescue,b04,2.0,10.0,0.1,0.00055,5e-05,3,2000,900,531,900000.0
