condition,clone,culture,viable_cells_thousands,recovery_fraction,protein_signal_ug,protein_background_ug,activity_signal_nmol_min,activity_background_nmol_min,response_positive_cells,response_cells_assayed
reference,q01,q01a,80.0,0.7,5.29,0.25,40.112,0.8,16,200
reference,q01,q01b,96.0,0.7,7.642,0.25,61.5144,0.9,48,400
reference,q02,q02a,120.0,0.8,9.764,0.26,65.4272,0.8,20,200
reference,q02,q02b,144.0,0.8,14.1992,0.26,101.26224,0.9,56,400
reference,q03,q03a,100.0,0.6,5.13,0.27,43.568,0.8,12,200
reference,q03,q03b,120.0,0.6,7.398,0.27,66.4776,0.9,40,400
reference,q04,q04a,160.0,0.9,13.888,0.28,106.9424,0.8,16,200
reference,q04,q04b,192.0,0.9,20.2384,0.28,164.55888,0.9,48,400
knockin,v01,v01a,80.0,0.7,2.77,0.25,20.456,0.8,36,200
knockin,v01,v01b,96.0,0.7,3.946,0.25,31.2072,0.9,88,400
knockin,v02,v02a,120.0,0.8,5.444,0.26,36.0512,0.8,44,200
knockin,v02,v02b,144.0,0.8,7.8632,0.26,55.64304,0.9,104,400
knockin,v03,v03a,100.0,0.6,2.43,0.27,19.808,0.8,28,200
knockin,v03,v03b,120.0,0.6,3.438,0.27,30.0456,0.9,72,400
knockin,v04,v04a,160.0,0.9,7.408,0.28,56.3984,0.8,36,200
knockin,v04,v04b,192.0,0.9,10.7344,0.28,86.62608,0.9,88,400
corrected,z01,z01a,80.0,0.7,5.038,0.25,38.1464,0.8,18,200
corrected,z01,z01b,96.0,0.7,7.2724,0.25,58.48368,0.9,52,400
corrected,z02,z02a,120.0,0.8,8.9,0.26,59.552,0.8,22,200
corrected,z02,z02b,144.0,0.8,12.932,0.26,92.1384,0.9,60,400
corrected,z03,z03a,100.0,0.6,4.86,0.27,41.192,0.8,14,200
corrected,z03,z03b,120.0,0.6,7.002,0.27,62.8344,0.9,44,400
corrected,z04,z04a,160.0,0.9,13.24,0.28,101.888,0.8,18,200
corrected,z04,z04b,192.0,0.9,19.288,0.28,156.7656,0.9,52,400
