condition,culture,locus,technical_well,input_fraction,amplification_factor,cq_input,cq_specific,cq_igg
control,c01,candidate,1,0.01,1.9,25.1,22.2,26.15
control,c01,candidate,2,0.01,1.9,24.9,21.8,25.85
control,c01,positive,1,0.01,2.0,25.1,21.2,26.15
control,c01,positive,2,0.01,2.0,24.9,20.8,25.85
control,c01,negative,1,0.01,1.8,25.1,25.2,26.15
control,c01,negative,2,0.01,1.8,24.9,24.8,25.85
control,c02,candidate,1,0.02,1.9,26.1,22.2,26.15
control,c02,candidate,2,0.02,1.9,25.9,21.8,25.85
control,c02,positive,1,0.02,2.0,26.1,22.2,26.15
control,c02,positive,2,0.02,2.0,25.9,21.8,25.85
control,c02,negative,1,0.02,1.8,26.1,27.2,26.15
control,c02,negative,2,0.02,1.8,25.9,26.8,25.85
control,c03,candidate,1,0.01,1.9,27.1,24.2,28.15
control,c03,candidate,2,0.01,1.9,26.9,23.8,27.85
control,c03,positive,1,0.01,2.0,27.1,22.2,28.15
control,c03,positive,2,0.01,2.0,26.9,21.8,27.85
control,c03,negative,1,0.01,1.8,27.1,27.2,28.15
control,c03,negative,2,0.01,1.8,26.9,26.8,27.85
control,c04,candidate,1,0.02,1.9,28.1,24.2,28.15
control,c04,candidate,2,0.02,1.9,27.9,23.8,27.85
control,c04,positive,1,0.02,2.0,28.1,23.2,28.15
control,c04,positive,2,0.02,2.0,27.9,22.8,27.85
control,c04,negative,1,0.02,1.8,28.1,29.2,28.15
control,c04,negative,2,0.02,1.8,27.9,28.8,27.85
knockdown,k01,candidate,1,0.01,1.9,25.1,24.2,26.15
knockdown,k01,candidate,2,0.01,1.9,24.9,23.8,25.85
knockdown,k01,positive,1,0.01,2.0,25.1,21.2,26.15
knockdown,k01,positive,2,0.01,2.0,24.9,20.8,25.85
knockdown,k01,negative,1,0.01,1.8,25.1,25.2,26.15
knockdown,k01,negative,2,0.01,1.8,24.9,24.8,25.85
knockdown,k02,candidate,1,0.02,1.9,26.1,24.2,26.15
knockdown,k02,candidate,2,0.02,1.9,25.9,23.8,25.85
knockdown,k02,positive,1,0.02,2.0,26.1,22.2,26.15
knockdown,k02,positive,2,0.02,2.0,25.9,21.8,25.85
knockdown,k02,negative,1,0.02,1.8,26.1,27.2,26.15
knockdown,k02,negative,2,0.02,1.8,25.9,26.8,25.85
knockdown,k03,candidate,1,0.01,1.9,27.1,26.2,28.15
knockdown,k03,candidate,2,0.01,1.9,26.9,25.8,27.85
knockdown,k03,positive,1,0.01,2.0,27.1,22.2,28.15
knockdown,k03,positive,2,0.01,2.0,26.9,21.8,27.85
knockdown,k03,negative,1,0.01,1.8,27.1,27.2,28.15
knockdown,k03,negative,2,0.01,1.8,26.9,26.8,27.85
knockdown,k04,candidate,1,0.02,1.9,28.1,26.2,28.15
knockdown,k04,candidate,2,0.02,1.9,27.9,25.8,27.85
knockdown,k04,positive,1,0.02,2.0,28.1,23.2,28.15
knockdown,k04,positive,2,0.02,2.0,27.9,22.8,27.85
knockdown,k04,negative,1,0.02,1.8,28.1,29.2,28.15
knockdown,k04,negative,2,0.02,1.8,27.9,28.8,27.85
restored,s01,candidate,1,0.01,1.9,25.1,22.2,26.15
restored,s01,candidate,2,0.01,1.9,24.9,21.8,25.85
restored,s01,positive,1,0.01,2.0,25.1,21.2,26.15
restored,s01,positive,2,0.01,2.0,24.9,20.8,25.85
restored,s01,negative,1,0.01,1.8,25.1,25.2,26.15
restored,s01,negative,2,0.01,1.8,24.9,24.8,25.85
restored,s02,candidate,1,0.02,1.9,26.1,23.2,26.15
restored,s02,candidate,2,0.02,1.9,25.9,22.8,25.85
restored,s02,positive,1,0.02,2.0,26.1,22.2,26.15
restored,s02,positive,2,0.02,2.0,25.9,21.8,25.85
restored,s02,negative,1,0.02,1.8,26.1,27.2,26.15
restored,s02,negative,2,0.02,1.8,25.9,26.8,25.85
restored,s03,candidate,1,0.01,1.9,27.1,23.2,28.15
restored,s03,candidate,2,0.01,1.9,26.9,22.8,27.85
restored,s03,positive,1,0.01,2.0,27.1,22.2,28.15
restored,s03,positive,2,0.01,2.0,26.9,21.8,27.85
restored,s03,negative,1,0.01,1.8,27.1,27.2,28.15
restored,s03,negative,2,0.01,1.8,26.9,26.8,27.85
restored,s04,candidate,1,0.02,1.9,28.1,24.2,28.15
restored,s04,candidate,2,0.02,1.9,27.9,23.8,27.85
restored,s04,positive,1,0.02,2.0,28.1,23.2,28.15
restored,s04,positive,2,0.02,2.0,27.9,22.8,27.85
restored,s04,negative,1,0.02,1.8,28.1,29.2,28.15
restored,s04,negative,2,0.02,1.8,27.9,28.8,27.85
