condition,culture,time_h,labeled_target_signal_au,labeled_target_background_au,recovery_reference_au
control,c01,0,6005.0,5,180.0
control,c01,2,3399.112549695,5,144.0
control,c01,4,1955.0,5,117.0
control,c01,6,1914.188309204,5,162.0
control,c02,0,8806.0,6,240.0
control,c02,2,5341.322314117,6,192.0
control,c02,4,3291.277295292,6,156.0
control,c02,6,3453.380230653,6,216.0
control,c03,0,7027.0,7,234.0
control,c03,2,3544.858308105,7,187.2
control,c03,4,1817.827750033,7,152.1
control,c03,6,1586.5,7,210.6
control,c04,0,13238.0,8,378.0
control,c04,2,8408.526367016,8,302.4
control,c04,4,5425.345534285,8,245.7
control,c04,6,5961.5,8,340.2
depleted,d01,0,2405.0,5,144.0
depleted,d01,2,1362.645019878,5,115.2
depleted,d01,4,785.0,5,93.6
depleted,d01,6,768.675323681,5,129.6
depleted,d02,0,3526.0,6,192.0
depleted,d02,2,2140.128925647,6,153.6
depleted,d02,4,1320.110918117,6,124.8
depleted,d02,6,1384.952092261,6,172.8
depleted,d03,0,2815.0,7,187.2
depleted,d03,2,1422.143323242,7,149.76
depleted,d03,4,731.331100013,7,121.68
depleted,d03,6,638.8,7,168.48
depleted,d04,0,5300.0,8,302.4
depleted,d04,2,3368.210546806,8,241.92
depleted,d04,4,2174.938213714,8,196.56
depleted,d04,6,2389.4,8,272.16
restored,r01,0,5135.0,5,171.0
restored,r01,2,2906.96622999,5,136.8
restored,r01,4,1672.25,5,111.15
restored,r01,6,1637.356004369,5,153.9
restored,r02,0,7530.0,6,228.0
restored,r02,2,4567.70057857,6,182.4
restored,r02,4,2814.912087474,6,148.2
restored,r02,6,2953.510097208,6,205.2
restored,r03,0,6009.1,7,222.3
restored,r03,2,3031.86885343,7,177.84
restored,r03,4,1555.257726278,7,144.495
restored,r03,6,1357.4725,7,200.07
restored,r04,0,11319.65,8,359.1
restored,r04,2,7190.450043798,8,287.28
restored,r04,4,4639.830431814,8,233.415
restored,r04,6,5098.2425,8,323.19
