day,condition,series,substrate_um,product_standard_nm,time_s,signal_au
d01,vehicle,standard,0,0,0,10.0
d01,vehicle,standard,0,500,0,60.0
d01,vehicle,standard,0,1000,0,110.0
d01,vehicle,blank,5,0,0,10.0
d01,vehicle,reaction,5,0,0,10.0
d01,vehicle,blank,5,0,2,10.4
d01,vehicle,reaction,5,0,2,14.72
d01,vehicle,blank,5,0,4,10.8
d01,vehicle,reaction,5,0,4,19.44
d01,vehicle,blank,5,0,10,12.0
d01,vehicle,reaction,5,0,10,27.12
d01,vehicle,blank,15,0,0,10.0
d01,vehicle,reaction,15,0,0,10.0
d01,vehicle,blank,15,0,2,10.4
d01,vehicle,reaction,15,0,2,19.04
d01,vehicle,blank,15,0,4,10.8
d01,vehicle,reaction,15,0,4,28.08
d01,vehicle,blank,15,0,10,12.0
d01,vehicle,reaction,15,0,10,42.24
d01,vehicle,blank,45,0,0,10.0
d01,vehicle,reaction,45,0,0,10.0
d01,vehicle,blank,45,0,2,10.4
d01,vehicle,reaction,45,0,2,23.36
d01,vehicle,blank,45,0,4,10.8
d01,vehicle,reaction,45,0,4,36.72
d01,vehicle,blank,45,0,10,12.0
d01,vehicle,reaction,45,0,10,57.36
d01,vehicle,blank,135,0,0,10.0
d01,vehicle,reaction,135,0,0,10.0
d01,vehicle,blank,135,0,2,10.4
d01,vehicle,reaction,135,0,2,25.952
d01,vehicle,blank,135,0,4,10.8
d01,vehicle,reaction,135,0,4,41.904
d01,vehicle,blank,135,0,10,12.0
d01,vehicle,reaction,135,0,10,66.432
d01,compound_a,standard,0,0,0,13.0
d01,compound_a,standard,0,500,0,63.0
d01,compound_a,standard,0,1000,0,113.0
d01,compound_a,blank,5,0,0,13.0
d01,compound_a,reaction,5,0,0,13.0
d01,compound_a,blank,5,0,2,13.4
d01,compound_a,reaction,5,0,2,15.128
d01,compound_a,blank,5,0,4,13.8
d01,compound_a,reaction,5,0,4,17.256
d01,compound_a,blank,5,0,10,15.0
d01,compound_a,reaction,5,0,10,21.048
d01,compound_a,blank,15,0,0,13.0
d01,compound_a,reaction,15,0,0,13.0
d01,compound_a,blank,15,0,2,13.4
d01,compound_a,reaction,15,0,2,17.72
d01,compound_a,blank,15,0,4,13.8
d01,compound_a,reaction,15,0,4,22.44
d01,compound_a,blank,15,0,10,15.0
d01,compound_a,reaction,15,0,10,30.12
d01,compound_a,blank,45,0,0,13.0
d01,compound_a,reaction,45,0,0,13.0
d01,compound_a,blank,45,0,2,13.4
d01,compound_a,reaction,45,0,2,22.04
d01,compound_a,blank,45,0,4,13.8
d01,compound_a,reaction,45,0,4,31.08
d01,compound_a,blank,45,0,10,15.0
d01,compound_a,reaction,45,0,10,45.24
d01,compound_a,blank,135,0,0,13.0
d01,compound_a,reaction,135,0,0,13.0
d01,compound_a,blank,135,0,2,13.4
d01,compound_a,reaction,135,0,2,26.36
d01,compound_a,blank,135,0,4,13.8
d01,compound_a,reaction,135,0,4,39.72
d01,compound_a,blank,135,0,10,15.0
d01,compound_a,reaction,135,0,10,60.36
d01,compound_b,standard,0,0,0,15.0
d01,compound_b,standard,0,500,0,40.0
d01,compound_b,standard,0,1000,0,65.0
d01,compound_b,blank,5,0,0,15.0
d01,compound_b,reaction,5,0,0,15.0
d01,compound_b,blank,5,0,2,15.4
d01,compound_b,reaction,5,0,2,17.56
d01,compound_b,blank,5,0,4,15.8
d01,compound_b,reaction,5,0,4,20.12
d01,compound_b,blank,5,0,10,17.0
d01,compound_b,reaction,5,0,10,24.56
d01,compound_b,blank,15,0,0,15.0
d01,compound_b,reaction,15,0,0,15.0
d01,compound_b,blank,15,0,2,15.4
d01,compound_b,reaction,15,0,2,19.72
d01,compound_b,blank,15,0,4,15.8
d01,compound_b,reaction,15,0,4,24.44
d01,compound_b,blank,15,0,10,17.0
d01,compound_b,reaction,15,0,10,32.12
d01,compound_b,blank,45,0,0,15.0
d01,compound_b,reaction,45,0,0,15.0
d01,compound_b,blank,45,0,2,15.4
d01,compound_b,reaction,45,0,2,21.88
d01,compound_b,blank,45,0,4,15.8
d01,compound_b,reaction,45,0,4,28.76
d01,compound_b,blank,45,0,10,17.0
d01,compound_b,reaction,45,0,10,39.68
d01,compound_b,blank,135,0,0,15.0
d01,compound_b,reaction,135,0,0,15.0
d01,compound_b,blank,135,0,2,15.4
d01,compound_b,reaction,135,0,2,23.176
d01,compound_b,blank,135,0,4,15.8
d01,compound_b,reaction,135,0,4,31.352
d01,compound_b,blank,135,0,10,17.0
d01,compound_b,reaction,135,0,10,44.216
d02,vehicle,standard,0,0,0,12.0
d02,vehicle,standard,0,500,0,67.0
d02,vehicle,standard,0,1000,0,122.0
d02,vehicle,blank,5,0,0,12.0
d02,vehicle,reaction,5,0,0,12.0
d02,vehicle,blank,5,0,2,12.44
d02,vehicle,reaction,5,0,2,17.588
d02,vehicle,blank,5,0,4,12.88
d02,vehicle,reaction,5,0,4,23.176
d02,vehicle,blank,5,0,10,14.2
d02,vehicle,reaction,5,0,10,32.218
d02,vehicle,blank,15,0,0,12.0
d02,vehicle,reaction,15,0,0,12.0
d02,vehicle,blank,15,0,2,12.44
d02,vehicle,reaction,15,0,2,22.736
d02,vehicle,blank,15,0,4,12.88
d02,vehicle,reaction,15,0,4,33.472
d02,vehicle,blank,15,0,10,14.2
d02,vehicle,reaction,15,0,10,50.236
d02,vehicle,blank,45,0,0,12.0
d02,vehicle,reaction,45,0,0,12.0
d02,vehicle,blank,45,0,2,12.44
d02,vehicle,reaction,45,0,2,27.884
d02,vehicle,blank,45,0,4,12.88
d02,vehicle,reaction,45,0,4,43.768
d02,vehicle,blank,45,0,10,14.2
d02,vehicle,reaction,45,0,10,68.254
d02,vehicle,blank,135,0,0,12.0
d02,vehicle,reaction,135,0,0,12.0
d02,vehicle,blank,135,0,2,12.44
d02,vehicle,reaction,135,0,2,30.9728
d02,vehicle,blank,135,0,4,12.88
d02,vehicle,reaction,135,0,4,49.9456
d02,vehicle,blank,135,0,10,14.2
d02,vehicle,reaction,135,0,10,79.0648
d02,compound_a,standard,0,0,0,15.0
d02,compound_a,standard,0,500,0,70.0
d02,compound_a,standard,0,1000,0,125.0
d02,compound_a,blank,5,0,0,15.0
d02,compound_a,reaction,5,0,0,15.0
d02,compound_a,blank,5,0,2,15.44
d02,compound_a,reaction,5,0,2,17.4992
d02,compound_a,blank,5,0,4,15.88
d02,compound_a,reaction,5,0,4,19.9984
d02,compound_a,blank,5,0,10,17.2
d02,compound_a,reaction,5,0,10,24.4072
d02,compound_a,blank,15,0,0,15.0
d02,compound_a,reaction,15,0,0,15.0
d02,compound_a,blank,15,0,2,15.44
d02,compound_a,reaction,15,0,2,20.588
d02,compound_a,blank,15,0,4,15.88
d02,compound_a,reaction,15,0,4,26.176
d02,compound_a,blank,15,0,10,17.2
d02,compound_a,reaction,15,0,10,35.218
d02,compound_a,blank,45,0,0,15.0
d02,compound_a,reaction,45,0,0,15.0
d02,compound_a,blank,45,0,2,15.44
d02,compound_a,reaction,45,0,2,25.736
d02,compound_a,blank,45,0,4,15.88
d02,compound_a,reaction,45,0,4,36.472
d02,compound_a,blank,45,0,10,17.2
d02,compound_a,reaction,45,0,10,53.236
d02,compound_a,blank,135,0,0,15.0
d02,compound_a,reaction,135,0,0,15.0
d02,compound_a,blank,135,0,2,15.44
d02,compound_a,reaction,135,0,2,30.884
d02,compound_a,blank,135,0,4,15.88
d02,compound_a,reaction,135,0,4,46.768
d02,compound_a,blank,135,0,10,17.2
d02,compound_a,reaction,135,0,10,71.254
d02,compound_b,standard,0,0,0,17.0
d02,compound_b,standard,0,500,0,44.5
d02,compound_b,standard,0,1000,0,72.0
d02,compound_b,blank,5,0,0,17.0
d02,compound_b,reaction,5,0,0,17.0
d02,compound_b,blank,5,0,2,17.44
d02,compound_b,reaction,5,0,2,20.014
d02,compound_b,blank,5,0,4,17.88
d02,compound_b,reaction,5,0,4,23.028
d02,compound_b,blank,5,0,10,19.2
d02,compound_b,reaction,5,0,10,28.209
d02,compound_b,blank,15,0,0,17.0
d02,compound_b,reaction,15,0,0,17.0
d02,compound_b,blank,15,0,2,17.44
d02,compound_b,reaction,15,0,2,22.588
d02,compound_b,blank,15,0,4,17.88
d02,compound_b,reaction,15,0,4,28.176
d02,compound_b,blank,15,0,10,19.2
d02,compound_b,reaction,15,0,10,37.218
d02,compound_b,blank,45,0,0,17.0
d02,compound_b,reaction,45,0,0,17.0
d02,compound_b,blank,45,0,2,17.44
d02,compound_b,reaction,45,0,2,25.162
d02,compound_b,blank,45,0,4,17.88
d02,compound_b,reaction,45,0,4,33.324
d02,compound_b,blank,45,0,10,19.2
d02,compound_b,reaction,45,0,10,46.227
d02,compound_b,blank,135,0,0,17.0
d02,compound_b,reaction,135,0,0,17.0
d02,compound_b,blank,135,0,2,17.44
d02,compound_b,reaction,135,0,2,26.7064
d02,compound_b,blank,135,0,4,17.88
d02,compound_b,reaction,135,0,4,36.4128
d02,compound_b,blank,135,0,10,19.2
d02,compound_b,reaction,135,0,10,51.6324
d03,vehicle,standard,0,0,0,11.0
d03,vehicle,standard,0,500,0,56.0
d03,vehicle,standard,0,1000,0,101.0
d03,vehicle,blank,5,0,0,11.0
d03,vehicle,reaction,5,0,0,11.0
d03,vehicle,blank,5,0,2,11.36
d03,vehicle,reaction,5,0,2,15.41
d03,vehicle,blank,5,0,4,11.72
d03,vehicle,reaction,5,0,4,19.82
d03,vehicle,blank,5,0,10,12.8
d03,vehicle,reaction,5,0,10,26.975
d03,vehicle,blank,15,0,0,11.0
d03,vehicle,reaction,15,0,0,11.0
d03,vehicle,blank,15,0,2,11.36
d03,vehicle,reaction,15,0,2,19.46
d03,vehicle,blank,15,0,4,11.72
d03,vehicle,reaction,15,0,4,27.92
d03,vehicle,blank,15,0,10,12.8
d03,vehicle,reaction,15,0,10,41.15
d03,vehicle,blank,45,0,0,11.0
d03,vehicle,reaction,45,0,0,11.0
d03,vehicle,blank,45,0,2,11.36
d03,vehicle,reaction,45,0,2,23.51
d03,vehicle,blank,45,0,4,11.72
d03,vehicle,reaction,45,0,4,36.02
d03,vehicle,blank,45,0,10,12.8
d03,vehicle,reaction,45,0,10,55.325
d03,vehicle,blank,135,0,0,11.0
d03,vehicle,reaction,135,0,0,11.0
d03,vehicle,blank,135,0,2,11.36
d03,vehicle,reaction,135,0,2,25.94
d03,vehicle,blank,135,0,4,11.72
d03,vehicle,reaction,135,0,4,40.88
d03,vehicle,blank,135,0,10,12.8
d03,vehicle,reaction,135,0,10,63.83
d03,compound_a,standard,0,0,0,14.0
d03,compound_a,standard,0,500,0,59.0
d03,compound_a,standard,0,1000,0,104.0
d03,compound_a,blank,5,0,0,14.0
d03,compound_a,reaction,5,0,0,14.0
d03,compound_a,blank,5,0,2,14.36
d03,compound_a,reaction,5,0,2,15.98
d03,compound_a,blank,5,0,4,14.72
d03,compound_a,reaction,5,0,4,17.96
d03,compound_a,blank,5,0,10,15.8
d03,compound_a,reaction,5,0,10,21.47
d03,compound_a,blank,15,0,0,14.0
d03,compound_a,reaction,15,0,0,14.0
d03,compound_a,blank,15,0,2,14.36
d03,compound_a,reaction,15,0,2,18.41
d03,compound_a,blank,15,0,4,14.72
d03,compound_a,reaction,15,0,4,22.82
d03,compound_a,blank,15,0,10,15.8
d03,compound_a,reaction,15,0,10,29.975
d03,compound_a,blank,45,0,0,14.0
d03,compound_a,reaction,45,0,0,14.0
d03,compound_a,blank,45,0,2,14.36
d03,compound_a,reaction,45,0,2,22.46
d03,compound_a,blank,45,0,4,14.72
d03,compound_a,reaction,45,0,4,30.92
d03,compound_a,blank,45,0,10,15.8
d03,compound_a,reaction,45,0,10,44.15
d03,compound_a,blank,135,0,0,14.0
d03,compound_a,reaction,135,0,0,14.0
d03,compound_a,blank,135,0,2,14.36
d03,compound_a,reaction,135,0,2,26.51
d03,compound_a,blank,135,0,4,14.72
d03,compound_a,reaction,135,0,4,39.02
d03,compound_a,blank,135,0,10,15.8
d03,compound_a,reaction,135,0,10,58.325
d03,compound_b,standard,0,0,0,16.0
d03,compound_b,standard,0,500,0,38.5
d03,compound_b,standard,0,1000,0,61.0
d03,compound_b,blank,5,0,0,16.0
d03,compound_b,reaction,5,0,0,16.0
d03,compound_b,blank,5,0,2,16.36
d03,compound_b,reaction,5,0,2,18.385
d03,compound_b,blank,5,0,4,16.72
d03,compound_b,reaction,5,0,4,20.77
d03,compound_b,blank,5,0,10,17.8
d03,compound_b,reaction,5,0,10,24.8875
d03,compound_b,blank,15,0,0,16.0
d03,compound_b,reaction,15,0,0,16.0
d03,compound_b,blank,15,0,2,16.36
d03,compound_b,reaction,15,0,2,20.41
d03,compound_b,blank,15,0,4,16.72
d03,compound_b,reaction,15,0,4,24.82
d03,compound_b,blank,15,0,10,17.8
d03,compound_b,reaction,15,0,10,31.975
d03,compound_b,blank,45,0,0,16.0
d03,compound_b,reaction,45,0,0,16.0
d03,compound_b,blank,45,0,2,16.36
d03,compound_b,reaction,45,0,2,22.435
d03,compound_b,blank,45,0,4,16.72
d03,compound_b,reaction,45,0,4,28.87
d03,compound_b,blank,45,0,10,17.8
d03,compound_b,reaction,45,0,10,39.0625
d03,compound_b,blank,135,0,0,16.0
d03,compound_b,reaction,135,0,0,16.0
d03,compound_b,blank,135,0,2,16.36
d03,compound_b,reaction,135,0,2,23.65
d03,compound_b,blank,135,0,4,16.72
d03,compound_b,reaction,135,0,4,31.3
d03,compound_b,blank,135,0,10,17.8
d03,compound_b,reaction,135,0,10,43.315
d04,vehicle,standard,0,0,0,9.0
d04,vehicle,standard,0,500,0,69.0
d04,vehicle,standard,0,1000,0,129.0
d04,vehicle,blank,5,0,0,9.0
d04,vehicle,reaction,5,0,0,9.0
d04,vehicle,blank,5,0,2,9.48
d04,vehicle,reaction,5,0,2,14.88
d04,vehicle,blank,5,0,4,9.96
d04,vehicle,reaction,5,0,4,20.76
d04,vehicle,blank,5,0,10,11.4
d04,vehicle,reaction,5,0,10,30.3
d04,vehicle,blank,15,0,0,9.0
d04,vehicle,reaction,15,0,0,9.0
d04,vehicle,blank,15,0,2,9.48
d04,vehicle,reaction,15,0,2,20.28
d04,vehicle,blank,15,0,4,9.96
d04,vehicle,reaction,15,0,4,31.56
d04,vehicle,blank,15,0,10,11.4
d04,vehicle,reaction,15,0,10,49.2
d04,vehicle,blank,45,0,0,9.0
d04,vehicle,reaction,45,0,0,9.0
d04,vehicle,blank,45,0,2,9.48
d04,vehicle,reaction,45,0,2,25.68
d04,vehicle,blank,45,0,4,9.96
d04,vehicle,reaction,45,0,4,42.36
d04,vehicle,blank,45,0,10,11.4
d04,vehicle,reaction,45,0,10,68.1
d04,vehicle,blank,135,0,0,9.0
d04,vehicle,reaction,135,0,0,9.0
d04,vehicle,blank,135,0,2,9.48
d04,vehicle,reaction,135,0,2,28.92
d04,vehicle,blank,135,0,4,9.96
d04,vehicle,reaction,135,0,4,48.84
d04,vehicle,blank,135,0,10,11.4
d04,vehicle,reaction,135,0,10,79.44
d04,compound_a,standard,0,0,0,12.0
d04,compound_a,standard,0,500,0,72.0
d04,compound_a,standard,0,1000,0,132.0
d04,compound_a,blank,5,0,0,12.0
d04,compound_a,reaction,5,0,0,12.0
d04,compound_a,blank,5,0,2,12.48
d04,compound_a,reaction,5,0,2,14.64
d04,compound_a,blank,5,0,4,12.96
d04,compound_a,reaction,5,0,4,17.28
d04,compound_a,blank,5,0,10,14.4
d04,compound_a,reaction,5,0,10,21.96
d04,compound_a,blank,15,0,0,12.0
d04,compound_a,reaction,15,0,0,12.0
d04,compound_a,blank,15,0,2,12.48
d04,compound_a,reaction,15,0,2,17.88
d04,compound_a,blank,15,0,4,12.96
d04,compound_a,reaction,15,0,4,23.76
d04,compound_a,blank,15,0,10,14.4
d04,compound_a,reaction,15,0,10,33.3
d04,compound_a,blank,45,0,0,12.0
d04,compound_a,reaction,45,0,0,12.0
d04,compound_a,blank,45,0,2,12.48
d04,compound_a,reaction,45,0,2,23.28
d04,compound_a,blank,45,0,4,12.96
d04,compound_a,reaction,45,0,4,34.56
d04,compound_a,blank,45,0,10,14.4
d04,compound_a,reaction,45,0,10,52.2
d04,compound_a,blank,135,0,0,12.0
d04,compound_a,reaction,135,0,0,12.0
d04,compound_a,blank,135,0,2,12.48
d04,compound_a,reaction,135,0,2,28.68
d04,compound_a,blank,135,0,4,12.96
d04,compound_a,reaction,135,0,4,45.36
d04,compound_a,blank,135,0,10,14.4
d04,compound_a,reaction,135,0,10,71.1
d04,compound_b,standard,0,0,0,14.0
d04,compound_b,standard,0,500,0,44.0
d04,compound_b,standard,0,1000,0,74.0
d04,compound_b,blank,5,0,0,14.0
d04,compound_b,reaction,5,0,0,14.0
d04,compound_b,blank,5,0,2,14.48
d04,compound_b,reaction,5,0,2,17.18
d04,compound_b,blank,5,0,4,14.96
d04,compound_b,reaction,5,0,4,20.36
d04,compound_b,blank,5,0,10,16.4
d04,compound_b,reaction,5,0,10,25.85
d04,compound_b,blank,15,0,0,14.0
d04,compound_b,reaction,15,0,0,14.0
d04,compound_b,blank,15,0,2,14.48
d04,compound_b,reaction,15,0,2,19.88
d04,compound_b,blank,15,0,4,14.96
d04,compound_b,reaction,15,0,4,25.76
d04,compound_b,blank,15,0,10,16.4
d04,compound_b,reaction,15,0,10,35.3
d04,compound_b,blank,45,0,0,14.0
d04,compound_b,reaction,45,0,0,14.0
d04,compound_b,blank,45,0,2,14.48
d04,compound_b,reaction,45,0,2,22.58
d04,compound_b,blank,45,0,4,14.96
d04,compound_b,reaction,45,0,4,31.16
d04,compound_b,blank,45,0,10,16.4
d04,compound_b,reaction,45,0,10,44.75
d04,compound_b,blank,135,0,0,14.0
d04,compound_b,reaction,135,0,0,14.0
d04,compound_b,blank,135,0,2,14.48
d04,compound_b,reaction,135,0,2,24.2
d04,compound_b,blank,135,0,4,14.96
d04,compound_b,reaction,135,0,4,34.4
d04,compound_b,blank,135,0,10,16.4
d04,compound_b,reaction,135,0,10,50.42
