condition,culture,time_h,seeded_cells,all_recovered_cells,viable_singlets,dna_2n_cells,dna_s_cells,dna_4n_cells,edu_positive_viable,p21_high_viable,beta_gal_high_viable,mitotic_marker_positive_viable,caspase_positive_all_recovered
vehicle,c01,0,10000,10000,9500,4750,2850,1900,3800,950,760,760,300
vehicle,c01,24,10000,10000,9500,4750,2850,1900,3800,950,760,760,300
vehicle,c01,72,10000,10000,9500,4750,2850,1900,3800,950,760,760,300
vehicle,c02,0,20000,20000,19000,9500,5700,3800,8550,1900,1520,1520,800
vehicle,c02,24,20000,20000,19000,9500,5700,3800,8550,1900,1520,1520,800
vehicle,c02,72,20000,20000,19000,9500,5700,3800,8550,1900,1520,1520,800
vehicle,c03,0,30000,30000,28500,14250,8550,5700,9975,2850,2280,2280,600
vehicle,c03,24,30000,30000,28500,14250,8550,5700,9975,2850,2280,2280,600
vehicle,c03,72,30000,30000,28500,14250,8550,5700,9975,2850,2280,2280,600
vehicle,c04,0,40000,40000,38000,19000,11400,7600,15200,3800,3040,3040,1200
vehicle,c04,24,40000,40000,38000,19000,11400,7600,15200,3800,3040,3040,1200
vehicle,c04,72,40000,40000,38000,19000,11400,7600,15200,3800,3040,3040,1200
withdrawal_refeed,w01,0,10000,9000,8100,6480,810,810,405,1215,972,162,360
withdrawal_refeed,w01,24,10000,9000,8100,5265,1620,1215,2430,1053,891,162,360
withdrawal_refeed,w01,72,10000,9000,8100,4455,2025,1620,3078,972,810,162,360
withdrawal_refeed,w02,0,20000,18000,16200,12960,1620,1620,1620,2430,1944,324,900
withdrawal_refeed,w02,24,20000,18000,16200,10530,3240,2430,5670,2106,1782,324,900
withdrawal_refeed,w02,72,20000,18000,16200,8910,4050,3240,6966,1944,1620,324,900
withdrawal_refeed,w03,0,30000,27000,24300,19440,2430,2430,0,3645,2916,486,810
withdrawal_refeed,w03,24,30000,27000,24300,15795,4860,3645,6075,3159,2673,486,810
withdrawal_refeed,w03,72,30000,27000,24300,13365,6075,4860,8019,2916,2430,486,810
withdrawal_refeed,w04,0,40000,36000,32400,25920,3240,3240,1620,4860,3888,648,1440
withdrawal_refeed,w04,24,40000,36000,32400,21060,6480,4860,9720,4212,3564,648,1440
withdrawal_refeed,w04,72,40000,36000,32400,17820,8100,6480,12312,3888,3240,648,1440
damage_challenge,g01,0,10000,9500,7600,5320,760,1520,760,2280,2280,76,665
damage_challenge,g01,24,10000,9000,7200,5400,576,1224,576,3240,3240,72,900
damage_challenge,g01,72,10000,9000,7200,5760,432,1008,432,4320,4320,72,1350
damage_challenge,g02,0,20000,19000,15200,10640,1520,3040,2280,4560,4560,152,1520
damage_challenge,g02,24,20000,18000,14400,10800,1152,2448,1872,6480,6480,144,1980
damage_challenge,g02,72,20000,18000,14400,11520,864,2016,1584,8640,8640,144,2880
damage_challenge,g03,0,30000,28500,22800,15960,2280,4560,1140,6840,6840,228,1710
damage_challenge,g03,24,30000,27000,21600,16200,1728,3672,648,9720,9720,216,2430
damage_challenge,g03,72,30000,27000,21600,17280,1296,3024,216,12960,12960,216,3780
damage_challenge,g04,0,40000,38000,30400,21280,3040,6080,3040,9120,9120,304,2660
damage_challenge,g04,24,40000,36000,28800,21600,2304,4896,2304,12960,12960,288,3600
damage_challenge,g04,72,40000,36000,28800,23040,1728,4032,1728,17280,17280,288,5400
