condition,preparation,chase_min,pulse_input_nmol,lysosome_intact_nmol,medium_intact_nmol,other_intact_nmol,fragments_nmol,lysosome_marker_recovery_pct,binding_index,receptor_abundance_index,viability_pct
wt,w01,0,8,0.0,0.0,7.52,0.0,88,99,100,95
wt,w01,30,8,1.76,0.4,4.96,0.24,88,99,100,95
wt,w01,90,8,4.88,1.04,1.2,0.4,88,99,100,95
wt,w02,0,10,0.0,0.0,9.4,0.0,90,101,98,94
wt,w02,30,10,2.4,0.7,5.8,0.4,90,101,98,94
wt,w02,90,10,6.5,1.5,1.1,0.5,90,101,98,94
wt,w03,0,12,0.0,0.0,11.28,0.0,87,100,102,96
wt,w03,30,12,3.24,0.96,6.48,0.48,87,100,102,96
wt,w03,90,12,8.16,1.92,0.96,0.48,87,100,102,96
wt,w04,0,14,0.0,0.0,13.16,0.0,89,98,101,95
wt,w04,30,14,3.22,0.56,8.68,0.42,89,98,101,95
wt,w04,90,14,8.68,1.68,1.82,0.84,89,98,101,95
motif_mutant,m01,0,8,0.0,0.0,7.52,0.0,86,99,100,95
motif_mutant,m01,30,8,0.64,1.52,4.88,0.24,86,99,100,95
motif_mutant,m01,90,8,2.32,2.96,1.76,0.4,86,99,100,95
motif_mutant,m02,0,10,0.0,0.0,9.4,0.0,88,101,98,94
motif_mutant,m02,30,10,1.0,2.1,5.5,0.4,88,101,98,94
motif_mutant,m02,90,10,3.5,4.1,1.5,0.5,88,101,98,94
motif_mutant,m03,0,12,0.0,0.0,11.28,0.0,85,100,102,96
motif_mutant,m03,30,12,1.56,2.88,5.88,0.48,85,100,102,96
motif_mutant,m03,90,12,4.56,5.28,1.32,0.48,85,100,102,96
motif_mutant,m04,0,14,0.0,0.0,13.16,0.0,87,98,101,95
motif_mutant,m04,30,14,1.26,2.52,8.68,0.42,87,98,101,95
motif_mutant,m04,90,14,4.76,5.32,2.66,0.84,87,98,101,95
motif_repaired,r01,0,8,0.0,0.0,7.52,0.0,88,99,100,95
motif_repaired,r01,30,8,1.44,0.64,4.96,0.24,88,99,100,95
motif_repaired,r01,90,8,4.48,1.36,1.28,0.4,88,99,100,95
motif_repaired,r02,0,10,0.0,0.0,9.4,0.0,90,101,98,94
motif_repaired,r02,30,10,2.0,1.0,5.6,0.4,90,101,98,94
motif_repaired,r02,90,10,6.0,1.9,1.1,0.5,90,101,98,94
motif_repaired,r03,0,12,0.0,0.0,11.28,0.0,87,100,102,96
motif_repaired,r03,30,12,2.88,1.56,5.76,0.48,87,100,102,96
motif_repaired,r03,90,12,7.68,2.64,0.72,0.48,87,100,102,96
motif_repaired,r04,0,14,0.0,0.0,13.16,0.0,89,98,101,95
motif_repaired,r04,30,14,2.8,1.26,8.12,0.42,89,98,101,95
motif_repaired,r04,90,14,8.4,2.52,1.82,0.84,89,98,101,95
