condition,culture,viable_cells_thousands,rna_spike_input_eq,rna_spike_recovered_eq,included_signal_eq,included_background_eq,skipped_signal_eq,skipped_background_eq,shared_signal_eq,shared_background_eq,precursor_signal_eq,precursor_background_eq,nascent_signal_au,nascent_background_au,nascent_reference_au,protein_signal_au,protein_background_au,protein_reference_au
control,c01,80,100,65.0,3129.0,9.0,2090.0,10.0,5211.0,11.0,4952.0,12.0,4807.0,7.0,120.0,6011.0,11.0,180.0
control,c02,100,100,90.0,6311.0,11.0,2712.0,12.0,9013.0,13.0,9014.0,14.0,6808.0,8.0,160.0,8812.0,12.0,240.0
control,c03,120,100,70.0,4213.0,13.0,4214.0,14.0,8415.0,15.0,8836.0,16.0,5859.0,9.0,156.0,7033.0,13.0,234.0
control,c04,140,100,80.0,7295.0,15.0,3936.0,16.0,11217.0,17.0,11218.0,18.0,10342.0,10.0,252.0,13244.0,14.0,378.0
depleted,d01,80,100,55.25,1335.0,9.0,3104.0,10.0,4431.0,11.0,4211.0,12.0,1927.0,7.0,96.0,2411.0,11.0,144.0
depleted,d02,100,100,76.5,3071.0,11.0,4602.0,12.0,7663.0,13.0,7664.0,14.0,2728.0,8.0,128.0,3532.0,12.0,192.0
depleted,d03,120,100,59.5,1441.0,13.0,5726.0,14.0,7155.0,15.0,7513.0,16.0,2349.0,9.0,124.8,2821.0,13.0,187.2
depleted,d04,140,100,68.0,3347.0,15.0,6204.0,16.0,9537.0,17.0,9538.0,18.0,4142.8,10.0,201.6,5306.0,14.0,302.4
restored,r01,80,100,61.75,2726.0,9.0,2233.0,10.0,4951.0,11.0,4705.0,12.0,4111.0,7.0,114.0,5141.0,11.0,171.0
restored,r02,100,100,85.5,5568.5,11.0,3004.5,12.0,8563.0,13.0,8564.0,14.0,5822.0,8.0,152.0,7536.0,12.0,228.0
restored,r03,120,100,66.5,3604.0,13.0,4403.0,14.0,7995.0,15.0,8395.0,16.0,5010.75,9.0,148.2,6015.1,13.0,222.3
restored,r04,140,100,76.0,6399.0,15.0,4272.0,16.0,10657.0,17.0,10658.0,18.0,8843.86,10.0,239.4,11325.65,14.0,359.1
