condition,culture,time_h,loaded_dna_ng,lesion_signal_au,lesion_background_au,dna_reference_au,viable_cells_thousands,dna_synthesis_label_pct
wt,w01,0,80,244.0,4,120.0,100,20
wt,w01,2,72.0,140.08,4,97.2,95.0,20
wt,w01,6,88.0,73.3,4,99.0,90,25
wt,w02,0,100,305.0,5,150.0,110,21
wt,w02,2,90.0,187.25,5,121.5,103.0,21
wt,w02,6,110.00000000000001,104.0,5,123.75,96,30
wt,w03,0,120,366.0,6,180.0,90,22
wt,w03,2,108.0,239.28,6,145.8,85.0,22
wt,w03,6,132.0,139.65,6,148.5,80,35
wt,w04,0,140,427.0,7,210.0,120,23
wt,w04,2,126.0,262.15,7,170.1,114.0,23
wt,w04,6,154.0,145.6,7,173.25,108,30
factor_depleted,d01,0,80,244.0,4,120.0,100,20
factor_depleted,d01,2,72.0,188.68,4,102.6,90.0,20
factor_depleted,d01,6,88.0,170.32,4,118.8,80,24
factor_depleted,d02,0,100,305.0,5,150.0,110,21
factor_depleted,d02,2,90.0,248.675,5,128.25,99.0,21
factor_depleted,d02,6,110.00000000000001,242.6,5,148.5,88,29
factor_depleted,d03,0,120,366.0,6,180.0,90,22
factor_depleted,d03,2,108.0,298.41,6,153.9,81.0,22
factor_depleted,d03,6,132.0,308.94,6,178.2,72,34
factor_depleted,d04,0,140,427.0,7,210.0,120,23
factor_depleted,d04,2,126.0,366.1,7,179.55,108.0,23
factor_depleted,d04,6,154.0,360.43,7,207.9,96,29
factor_restored,r01,0,80,244.0,4,120.0,100,20
factor_restored,r01,2,72.0,150.88,4,91.8,94.0,20
factor_restored,r01,6,88.0,99.04,4,105.6,88,26
factor_restored,r02,0,100,305.0,5,150.0,110,21
factor_restored,r02,2,90.0,200.075,5,114.75,102.0,21
factor_restored,r02,6,110.00000000000001,137.0,5,132.0,94,31
factor_restored,r03,0,120,366.0,6,180.0,90,22
factor_restored,r03,2,108.0,253.86,6,137.7,84.0,22
factor_restored,r03,6,132.0,180.24,6,158.4,78,36
factor_restored,r04,0,140,427.0,7,210.0,120,23
factor_restored,r04,2,126.0,280.105,7,160.65,113.0,23
factor_restored,r04,6,154.0,191.8,7,184.8,106,31
