case_id,form,metric,value,unit
integrative-project-17,A,rna_signal,824.375,eq
integrative-project-17,A,rna_background,20,eq
integrative-project-17,A,spike_input,100,eq
integrative-project-17,A,spike_recovered,75.0,eq
integrative-project-17,A,viable_cells,7500,cells
integrative-project-17,B,rna_signal,835.625,eq
integrative-project-17,B,rna_background,20,eq
integrative-project-17,B,spike_input,100,eq
integrative-project-17,B,spike_recovered,75.0,eq
integrative-project-17,B,viable_cells,7500,cells
integrative-project-22,A,auc_mean_input_1,2465.0,AU-minutes
integrative-project-22,A,auc_mean_input_2,2505.0,AU-minutes
integrative-project-22,A,auc_mean_input_3,2545.0,AU-minutes
integrative-project-22,A,auc_mean_input_4,2585.0,AU-minutes
integrative-project-22,B,auc_mean_input_1,2515.0,AU-minutes
integrative-project-22,B,auc_mean_input_2,2555.0,AU-minutes
integrative-project-22,B,auc_mean_input_3,2595.0,AU-minutes
integrative-project-22,B,auc_mean_input_4,2635.0,AU-minutes
integrative-project-28,A,marker_mean_control,14.5,percent
integrative-project-28,A,marker_mean_signal_high,40.5,percent
integrative-project-28,A,marker_mean_matrix_high,26.5,percent
integrative-project-28,A,marker_mean_both,57.5,percent
integrative-project-28,B,marker_mean_control,16.5,percent
integrative-project-28,B,marker_mean_signal_high,42.5,percent
integrative-project-28,B,marker_mean_matrix_high,28.5,percent
integrative-project-28,B,marker_mean_both,59.5,percent
