form,condition,culture,time_h,seeded_cells,viable_cells,rna_signal_eq,rna_background_eq,spike_input_eq,spike_recovered_eq,protein_signal_ug,protein_background_ug,protein_recovery_fraction,marker_positive_viable,functional_events_viable,perk_0_au,perk_10_au,perk_30_au,matrix_modulus_pa,accessible_ligand_relative
A,control,A-control-01,0,10000,9500,753.875,20,100,75.0,0.73175,0.005,0.75,1045,380,0,62,21,5000,2
A,control,A-control-01,48,10000,9000,715.25,20,100,75.0,0.6935,0.005,0.75,1170,450,0,62,21,5000,2
A,control,A-control-02,0,20000,19000,1631.2,20,100,80.0,1.5858,0.005,0.8,2280,950,0,64,22,5000,2
A,control,A-control-02,48,20000,18000,1546.4,20,100,80.0,1.5026,0.005,0.8,2520,1080,0,64,22,5000,2
A,control,A-control-03,0,30000,28500,2660.525,20,100,85.0,2.57285,0.005,0.85,3705,1710,0,66,23,5000,2
A,control,A-control-03,48,30000,27000,2521.55,20,100,85.0,2.4377,0.005,0.85,4050,1890,0,66,23,5000,2
A,control,A-control-04,0,40000,38000,3850.4,20,100,90.0,3.6986,0.005,0.9,5320,2660,0,68,24,5000,2
A,control,A-control-04,48,40000,36000,3648.8,20,100,90.0,3.5042,0.005,0.9,5760,2880,0,68,24,5000,2
A,signal_low,A-signal_low-01,0,10000,9500,753.875,20,100,75.0,0.73175,0.005,0.75,1045,380,0,72,31,5000,2
A,signal_low,A-signal_low-01,48,10000,8500,772.25,20,100,75.0,0.719,0.005,0.75,1785,510,0,72,31,5000,2
A,signal_low,A-signal_low-02,0,20000,19000,1631.2,20,100,80.0,1.5858,0.005,0.8,2280,950,0,74,32,5000,2
A,signal_low,A-signal_low-02,48,20000,17000,1665.6,20,100,80.0,1.5554,0.005,0.8,3740,1190,0,74,32,5000,2
A,signal_low,A-signal_low-03,0,30000,28500,2660.525,20,100,85.0,2.57285,0.005,0.85,3705,1710,0,76,33,5000,2
A,signal_low,A-signal_low-03,48,30000,25500,2707.7,20,100,85.0,2.5193,0.005,0.85,5865,2040,0,76,33,5000,2
A,signal_low,A-signal_low-04,0,40000,38000,3850.4,20,100,90.0,3.6986,0.005,0.9,5320,2660,0,78,34,5000,2
A,signal_low,A-signal_low-04,48,40000,34000,3906.2,20,100,90.0,3.6158,0.005,0.9,8160,3060,0,78,34,5000,2
A,signal_high,A-signal_high-01,0,10000,9500,753.875,20,100,75.0,0.73175,0.005,0.75,1045,380,0,112,61,5000,2
A,signal_high,A-signal_high-01,48,10000,7500,824.375,20,100,75.0,0.7475,0.005,0.75,2925,525,0,112,61,5000,2
A,signal_high,A-signal_high-02,0,20000,19000,1631.2,20,100,80.0,1.5858,0.005,0.8,2280,950,0,114,62,5000,2
A,signal_high,A-signal_high-02,48,20000,15000,1772.0,20,100,80.0,1.613,0.005,0.8,6000,1200,0,114,62,5000,2
A,signal_high,A-signal_high-03,0,30000,28500,2660.525,20,100,85.0,2.57285,0.005,0.85,3705,1710,0,116,63,5000,2
A,signal_high,A-signal_high-03,48,30000,22500,2869.625,20,100,85.0,2.606,0.005,0.85,9225,2025,0,116,63,5000,2
A,signal_high,A-signal_high-04,0,40000,38000,3850.4,20,100,90.0,3.6986,0.005,0.9,5320,2660,0,118,64,5000,2
A,signal_high,A-signal_high-04,48,40000,30000,4124.0,20,100,90.0,3.731,0.005,0.9,12600,3000,0,118,64,5000,2
A,matrix_high,A-matrix_high-01,0,10000,9500,753.875,20,100,75.0,0.73175,0.005,0.75,1045,380,0,67,26,20000,3
A,matrix_high,A-matrix_high-01,48,10000,8000,668.0,20,100,75.0,0.557,0.005,0.75,2000,400,0,67,26,20000,3
A,matrix_high,A-matrix_high-02,0,20000,19000,1631.2,20,100,80.0,1.5858,0.005,0.8,2280,950,0,69,27,20000,3
A,matrix_high,A-matrix_high-02,48,20000,16000,1440.8,20,100,80.0,1.2082,0.005,0.8,4160,960,0,69,27,20000,3
A,matrix_high,A-matrix_high-03,0,30000,28500,2660.525,20,100,85.0,2.57285,0.005,0.85,3705,1710,0,71,28,20000,3
A,matrix_high,A-matrix_high-03,48,30000,24000,2345.6,20,100,85.0,1.9634,0.005,0.85,6480,1680,0,71,28,20000,3
A,matrix_high,A-matrix_high-04,0,40000,38000,3850.4,20,100,90.0,3.6986,0.005,0.9,5320,2660,0,73,29,20000,3
A,matrix_high,A-matrix_high-04,48,40000,32000,3389.6,20,100,90.0,2.8274,0.005,0.9,8960,2560,0,73,29,20000,3
A,both,A-both-01,0,10000,9500,753.875,20,100,75.0,0.73175,0.005,0.75,1045,380,0,117,71,20000,3
A,both,A-both-01,48,10000,6500,790.25,20,100,75.0,0.59975,0.005,0.75,3640,455,0,117,71,20000,3
A,both,A-both-02,0,20000,19000,1631.2,20,100,80.0,1.5858,0.005,0.8,2280,950,0,119,72,20000,3
A,both,A-both-02,48,20000,13000,1694.4,20,100,80.0,1.2946,0.005,0.8,7410,1040,0,119,72,20000,3
A,both,A-both-03,0,30000,28500,2660.525,20,100,85.0,2.57285,0.005,0.85,3705,1710,0,121,73,20000,3
A,both,A-both-03,48,30000,19500,2738.3,20,100,85.0,2.09345,0.005,0.85,11310,1755,0,121,73,20000,3
A,both,A-both-04,0,40000,38000,3850.4,20,100,90.0,3.6986,0.005,0.9,5320,2660,0,123,74,20000,3
A,both,A-both-04,48,40000,26000,3927.8,20,100,90.0,3.0002,0.005,0.9,15340,2600,0,123,74,20000,3
A,rescue,A-rescue-01,0,10000,9500,753.875,20,100,75.0,0.73175,0.005,0.75,1045,380,0,102,51,5000,2
A,rescue,A-rescue-01,48,10000,8500,867.875,20,100,75.0,0.719,0.005,0.75,3740,510,0,102,51,5000,2
A,rescue,A-rescue-02,0,20000,19000,1631.2,20,100,80.0,1.5858,0.005,0.8,2280,950,0,104,52,5000,2
A,rescue,A-rescue-02,48,20000,17000,1869.6,20,100,80.0,1.5554,0.005,0.8,7650,1190,0,104,52,5000,2
A,rescue,A-rescue-03,0,30000,28500,2660.525,20,100,85.0,2.57285,0.005,0.85,3705,1710,0,106,53,5000,2
A,rescue,A-rescue-03,48,30000,25500,3032.825,20,100,85.0,2.5193,0.005,0.85,11730,2040,0,106,53,5000,2
A,rescue,A-rescue-04,0,40000,38000,3850.4,20,100,90.0,3.6986,0.005,0.9,5320,2660,0,108,54,5000,2
A,rescue,A-rescue-04,48,40000,34000,4365.2,20,100,90.0,3.6158,0.005,0.9,15980,3060,0,108,54,5000,2
B,control,B-control-01,0,10000,9500,768.125,20,100,75.0,0.73175,0.005,0.75,1235,380,0,64,23,5000,2
B,control,B-control-01,48,10000,9000,728.75,20,100,75.0,0.6935,0.005,0.75,1350,450,0,64,23,5000,2
B,control,B-control-02,0,20000,19000,1661.6,20,100,80.0,1.5858,0.005,0.8,2660,950,0,66,24,5000,2
B,control,B-control-02,48,20000,18000,1575.2,20,100,80.0,1.5026,0.005,0.8,2880,1080,0,66,24,5000,2
B,control,B-control-03,0,30000,28500,2708.975,20,100,85.0,2.57285,0.005,0.85,4275,1710,0,68,25,5000,2
B,control,B-control-03,48,30000,27000,2567.45,20,100,85.0,2.4377,0.005,0.85,4590,1890,0,68,25,5000,2
B,control,B-control-04,0,40000,38000,3918.8,20,100,90.0,3.6986,0.005,0.9,6080,2660,0,70,26,5000,2
B,control,B-control-04,48,40000,36000,3713.6,20,100,90.0,3.5042,0.005,0.9,6480,2880,0,70,26,5000,2
B,signal_low,B-signal_low-01,0,10000,9500,768.125,20,100,75.0,0.73175,0.005,0.75,1235,380,0,74,33,5000,2
B,signal_low,B-signal_low-01,48,10000,8500,785.0,20,100,75.0,0.719,0.005,0.75,1955,510,0,74,33,5000,2
B,signal_low,B-signal_low-02,0,20000,19000,1661.6,20,100,80.0,1.5858,0.005,0.8,2660,950,0,76,34,5000,2
B,signal_low,B-signal_low-02,48,20000,17000,1692.8,20,100,80.0,1.5554,0.005,0.8,4080,1190,0,76,34,5000,2
B,signal_low,B-signal_low-03,0,30000,28500,2708.975,20,100,85.0,2.57285,0.005,0.85,4275,1710,0,78,35,5000,2
B,signal_low,B-signal_low-03,48,30000,25500,2751.05,20,100,85.0,2.5193,0.005,0.85,6375,2040,0,78,35,5000,2
B,signal_low,B-signal_low-04,0,40000,38000,3918.8,20,100,90.0,3.6986,0.005,0.9,6080,2660,0,80,36,5000,2
B,signal_low,B-signal_low-04,48,40000,34000,3967.4,20,100,90.0,3.6158,0.005,0.9,8840,3060,0,80,36,5000,2
B,signal_high,B-signal_high-01,0,10000,9500,768.125,20,100,75.0,0.73175,0.005,0.75,1235,380,0,114,63,5000,2
B,signal_high,B-signal_high-01,48,10000,7500,835.625,20,100,75.0,0.7475,0.005,0.75,3075,525,0,114,63,5000,2
B,signal_high,B-signal_high-02,0,20000,19000,1661.6,20,100,80.0,1.5858,0.005,0.8,2660,950,0,116,64,5000,2
B,signal_high,B-signal_high-02,48,20000,15000,1796.0,20,100,80.0,1.613,0.005,0.8,6300,1200,0,116,64,5000,2
B,signal_high,B-signal_high-03,0,30000,28500,2708.975,20,100,85.0,2.57285,0.005,0.85,4275,1710,0,118,65,5000,2
B,signal_high,B-signal_high-03,48,30000,22500,2907.875,20,100,85.0,2.606,0.005,0.85,9675,2025,0,118,65,5000,2
B,signal_high,B-signal_high-04,0,40000,38000,3918.8,20,100,90.0,3.6986,0.005,0.9,6080,2660,0,120,66,5000,2
B,signal_high,B-signal_high-04,48,40000,30000,4178.0,20,100,90.0,3.731,0.005,0.9,13200,3000,0,120,66,5000,2
B,matrix_high,B-matrix_high-01,0,10000,9500,768.125,20,100,75.0,0.73175,0.005,0.75,1235,380,0,69,28,20000,3
B,matrix_high,B-matrix_high-01,48,10000,8000,680.0,20,100,75.0,0.557,0.005,0.75,2160,400,0,69,28,20000,3
B,matrix_high,B-matrix_high-02,0,20000,19000,1661.6,20,100,80.0,1.5858,0.005,0.8,2660,950,0,71,29,20000,3
B,matrix_high,B-matrix_high-02,48,20000,16000,1466.4,20,100,80.0,1.2082,0.005,0.8,4480,960,0,71,29,20000,3
B,matrix_high,B-matrix_high-03,0,30000,28500,2708.975,20,100,85.0,2.57285,0.005,0.85,4275,1710,0,73,30,20000,3
B,matrix_high,B-matrix_high-03,48,30000,24000,2386.4,20,100,85.0,1.9634,0.005,0.85,6960,1680,0,73,30,20000,3
B,matrix_high,B-matrix_high-04,0,40000,38000,3918.8,20,100,90.0,3.6986,0.005,0.9,6080,2660,0,75,31,20000,3
B,matrix_high,B-matrix_high-04,48,40000,32000,3447.2,20,100,90.0,2.8274,0.005,0.9,9600,2560,0,75,31,20000,3
B,both,B-both-01,0,10000,9500,768.125,20,100,75.0,0.73175,0.005,0.75,1235,380,0,119,73,20000,3
B,both,B-both-01,48,10000,6500,800.0,20,100,75.0,0.59975,0.005,0.75,3770,455,0,119,73,20000,3
B,both,B-both-02,0,20000,19000,1661.6,20,100,80.0,1.5858,0.005,0.8,2660,950,0,121,74,20000,3
B,both,B-both-02,48,20000,13000,1715.2,20,100,80.0,1.2946,0.005,0.8,7670,1040,0,121,74,20000,3
B,both,B-both-03,0,30000,28500,2708.975,20,100,85.0,2.57285,0.005,0.85,4275,1710,0,123,75,20000,3
B,both,B-both-03,48,30000,19500,2771.45,20,100,85.0,2.09345,0.005,0.85,11700,1755,0,123,75,20000,3
B,both,B-both-04,0,40000,38000,3918.8,20,100,90.0,3.6986,0.005,0.9,6080,2660,0,125,76,20000,3
B,both,B-both-04,48,40000,26000,3974.6,20,100,90.0,3.0002,0.005,0.9,15860,2600,0,125,76,20000,3
B,rescue,B-rescue-01,0,10000,9500,768.125,20,100,75.0,0.73175,0.005,0.75,1235,380,0,104,53,5000,2
B,rescue,B-rescue-01,48,10000,8500,880.625,20,100,75.0,0.719,0.005,0.75,3910,510,0,104,53,5000,2
B,rescue,B-rescue-02,0,20000,19000,1661.6,20,100,80.0,1.5858,0.005,0.8,2660,950,0,106,54,5000,2
B,rescue,B-rescue-02,48,20000,17000,1896.8,20,100,80.0,1.5554,0.005,0.8,7990,1190,0,106,54,5000,2
B,rescue,B-rescue-03,0,30000,28500,2708.975,20,100,85.0,2.57285,0.005,0.85,4275,1710,0,108,55,5000,2
B,rescue,B-rescue-03,48,30000,25500,3076.175,20,100,85.0,2.5193,0.005,0.85,12240,2040,0,108,55,5000,2
B,rescue,B-rescue-04,0,40000,38000,3918.8,20,100,90.0,3.6986,0.005,0.9,6080,2660,0,110,56,5000,2
B,rescue,B-rescue-04,48,40000,34000,4426.4,20,100,90.0,3.6158,0.005,0.9,16660,3060,0,110,56,5000,2
