thickness_um,replicate,depth_um,o2_mol_m3
100,1,0,0.204
100,2,0,0.198
100,3,0,0.198
100,1,25,0.175
100,2,25,0.182
100,3,25,0.177
100,1,50,0.162
100,2,50,0.160
100,3,50,0.166
100,1,75,0.157
100,2,75,0.151
100,3,75,0.151
100,1,100,0.147
100,2,100,0.154
100,3,100,0.149
200,1,0,0.197
200,2,0,0.204
200,3,0,0.199
200,1,25,0.152
200,2,25,0.151
200,3,25,0.156
200,1,50,0.116
200,2,50,0.110
200,3,50,0.110
200,1,75,0.075
200,2,75,0.082
200,3,75,0.077
200,1,100,0.049
200,2,100,0.048
200,3,100,0.053
200,1,125,0.028
200,2,125,0.028
200,3,125,0.028
200,1,150,0.012
200,2,150,0.012
200,3,150,0.012
200,1,175,0.003
200,2,175,0.003
200,3,175,0.003
200,1,200,0.000
200,2,200,0.000
200,3,200,0.000
300,1,0,0.199
300,2,0,0.198
300,3,0,0.203
300,1,25,0.157
300,2,25,0.151
300,3,25,0.151
300,1,50,0.110
300,2,50,0.116
300,3,50,0.112
300,1,75,0.077
300,2,75,0.076
300,3,75,0.081
300,1,100,0.054
300,2,100,0.048
300,3,100,0.048
300,1,125,0.028
300,2,125,0.028
300,3,125,0.028
300,1,150,0.012
300,2,150,0.012
300,3,150,0.012
300,1,175,0.003
300,2,175,0.003
300,3,175,0.003
300,1,200,0.000
300,2,200,0.000
300,3,200,0.000
300,1,225,0.000
300,2,225,0.000
300,3,225,0.000
300,1,250,0.000
300,2,250,0.000
300,3,250,0.000
300,1,275,0.000
300,2,275,0.000
300,3,275,0.000
300,1,300,0.000
300,2,300,0.000
300,3,300,0.000
