condition,gel,cell,marker_au
s1_low,1,1,4
s1_low,1,2,7
s1_low,1,3,10
s1_low,1,4,13
s1_low,1,5,15
s1_low,1,6,17
s1_low,1,7,19
s1_low,1,8,22
s1_low,1,9,25
s1_low,1,10,28
s1_low,2,1,19
s1_low,2,2,21
s1_low,2,3,23
s1_low,2,4,25
s1_low,2,5,28
s1_low,2,6,31
s1_low,2,7,34
s1_low,2,8,10
s1_low,2,9,13
s1_low,2,10,16
s1_low,3,1,31
s1_low,3,2,34
s1_low,3,3,37
s1_low,3,4,40
s1_low,3,5,16
s1_low,3,6,19
s1_low,3,7,22
s1_low,3,8,25
s1_low,3,9,27
s1_low,3,10,29
s1_high,1,1,40
s1_high,1,2,16
s1_high,1,3,19
s1_high,1,4,22
s1_high,1,5,25
s1_high,1,6,27
s1_high,1,7,29
s1_high,1,8,31
s1_high,1,9,34
s1_high,1,10,37
s1_high,2,1,28
s1_high,2,2,31
s1_high,2,3,33
s1_high,2,4,35
s1_high,2,5,37
s1_high,2,6,40
s1_high,2,7,43
s1_high,2,8,46
s1_high,2,9,22
s1_high,2,10,25
s1_high,3,1,23
s1_high,3,2,25
s1_high,3,3,28
s1_high,3,4,31
s1_high,3,5,34
s1_high,3,6,10
s1_high,3,7,13
s1_high,3,8,16
s1_high,3,9,19
s1_high,3,10,21
s10_low,1,1,51
s10_low,1,2,54
s10_low,1,3,30
s10_low,1,4,33
s10_low,1,5,36
s10_low,1,6,39
s10_low,1,7,41
s10_low,1,8,43
s10_low,1,9,45
s10_low,1,10,48
s10_low,2,1,21
s10_low,2,2,24
s10_low,2,3,27
s10_low,2,4,29
s10_low,2,5,31
s10_low,2,6,33
s10_low,2,7,36
s10_low,2,8,39
s10_low,2,9,42
s10_low,2,10,18
s10_low,3,1,35
s10_low,3,2,37
s10_low,3,3,39
s10_low,3,4,42
s10_low,3,5,45
s10_low,3,6,48
s10_low,3,7,24
s10_low,3,8,27
s10_low,3,9,30
s10_low,3,10,33
s10_high,1,1,50
s10_high,1,2,53
s10_high,1,3,56
s10_high,1,4,32
s10_high,1,5,35
s10_high,1,6,38
s10_high,1,7,41
s10_high,1,8,43
s10_high,1,9,45
s10_high,1,10,47
s10_high,2,1,38
s10_high,2,2,41
s10_high,2,3,44
s10_high,2,4,47
s10_high,2,5,49
s10_high,2,6,51
s10_high,2,7,53
s10_high,2,8,56
s10_high,2,9,59
s10_high,2,10,62
s10_high,3,1,53
s10_high,3,2,55
s10_high,3,3,57
s10_high,3,4,59
s10_high,3,5,62
s10_high,3,6,65
s10_high,3,7,68
s10_high,3,8,44
s10_high,3,9,47
s10_high,3,10,50
s100_low,1,1,45
s100_low,1,2,48
s100_low,1,3,51
s100_low,1,4,54
s100_low,1,5,30
s100_low,1,6,33
s100_low,1,7,36
s100_low,1,8,39
s100_low,1,9,41
s100_low,1,10,43
s100_low,2,1,60
s100_low,2,2,36
s100_low,2,3,39
s100_low,2,4,42
s100_low,2,5,45
s100_low,2,6,47
s100_low,2,7,49
s100_low,2,8,51
s100_low,2,9,54
s100_low,2,10,57
s100_low,3,1,30
s100_low,3,2,33
s100_low,3,3,35
s100_low,3,4,37
s100_low,3,5,39
s100_low,3,6,42
s100_low,3,7,45
s100_low,3,8,48
s100_low,3,9,24
s100_low,3,10,27
s100_high,1,1,75
s100_high,1,2,77
s100_high,1,3,80
s100_high,1,4,83
s100_high,1,5,86
s100_high,1,6,62
s100_high,1,7,65
s100_high,1,8,68
s100_high,1,9,71
s100_high,1,10,73
s100_high,2,1,71
s100_high,2,2,74
s100_high,2,3,50
s100_high,2,4,53
s100_high,2,5,56
s100_high,2,6,59
s100_high,2,7,61
s100_high,2,8,63
s100_high,2,9,65
s100_high,2,10,68
s100_high,3,1,59
s100_high,3,2,62
s100_high,3,3,65
s100_high,3,4,67
s100_high,3,5,69
s100_high,3,6,71
s100_high,3,7,74
s100_high,3,8,77
s100_high,3,9,80
s100_high,3,10,56
