condition,day,culture,lineage_marker_pct,pluripotency_marker_pct,cells_per_well_thousands,viability_pct
control,0,P01,2,92,100,96
control,0,P02,3,90,104,95
control,0,P03,2,93,98,97
control,0,P04,3,91,102,96
control,2,P01,3,88,150,96
control,2,P02,4,86,156,96
control,2,P03,3,89,147,95
control,2,P04,4,87,153,97
control,4,P01,4,80,230,95
control,4,P02,5,82,238,96
control,4,P03,5,79,226,96
control,4,P04,4,81,234,95
control,6,P01,6,72,330,95
control,6,P02,5,74,338,94
control,6,P03,6,71,324,96
control,6,P04,7,73,332,95
control,8,P01,7,64,450,94
control,8,P02,8,66,458,95
control,8,P03,7,63,444,95
control,8,P04,8,65,452,94
factor,0,P01,2,91,101,96
factor,0,P02,3,90,103,96
factor,0,P03,3,92,99,95
factor,0,P04,2,91,101,97
factor,2,P01,9,70,140,95
factor,2,P02,10,72,146,96
factor,2,P03,9,69,138,94
factor,2,P04,10,71,144,95
factor,4,P01,24,48,180,93
factor,4,P02,26,50,186,94
factor,4,P03,25,47,176,92
factor,4,P04,25,49,182,93
factor,6,P01,42,30,215,91
factor,6,P02,44,32,221,92
factor,6,P03,41,29,211,90
factor,6,P04,43,31,217,91
factor,8,P01,58,18,240,89
factor,8,P02,60,20,246,90
factor,8,P03,57,17,236,88
factor,8,P04,59,19,242,89
