condition,exposure_and_intervention,time_min,biological_preparation,perk_totalerk_relative,viability_percent
vehicle,No ligand; matched carrier,0,P01,0.9,96
vehicle,No ligand; matched carrier,0,P02,1.0,97
vehicle,No ligand; matched carrier,0,P03,1.0,95
vehicle,No ligand; matched carrier,0,P04,1.1,96
ligand_pulse,"Ligand for 2 min, then wash",0,P01,0.9,96
ligand_pulse,"Ligand for 2 min, then wash",0,P02,1.0,97
ligand_pulse,"Ligand for 2 min, then wash",0,P03,1.1,95
ligand_pulse,"Ligand for 2 min, then wash",0,P04,1.0,96
ligand_continuous,Ligand maintained through collection,0,P01,0.9,96
ligand_continuous,Ligand maintained through collection,0,P02,1.0,97
ligand_continuous,Ligand maintained through collection,0,P03,1.1,95
ligand_continuous,Ligand maintained through collection,0,P04,1.0,96
continuous_meki,Continuous ligand; MEK inhibitor pretreatment,0,P01,0.9,96
continuous_meki,Continuous ligand; MEK inhibitor pretreatment,0,P02,1.0,97
continuous_meki,Continuous ligand; MEK inhibitor pretreatment,0,P03,1.0,95
continuous_meki,Continuous ligand; MEK inhibitor pretreatment,0,P04,1.1,96
ligand_egfri,Continuous ligand; receptor inhibitor pretreatment,0,P01,0.9,96
ligand_egfri,Continuous ligand; receptor inhibitor pretreatment,0,P02,1.0,97
ligand_egfri,Continuous ligand; receptor inhibitor pretreatment,0,P03,1.1,95
ligand_egfri,Continuous ligand; receptor inhibitor pretreatment,0,P04,1.0,96
egfri_active_mek,Continuous ligand; receptor block; induced active-MEK bypass,0,P01,0.9,96
egfri_active_mek,Continuous ligand; receptor block; induced active-MEK bypass,0,P02,1.0,97
egfri_active_mek,Continuous ligand; receptor block; induced active-MEK bypass,0,P03,1.0,95
egfri_active_mek,Continuous ligand; receptor block; induced active-MEK bypass,0,P04,1.1,96
vehicle,No ligand; matched carrier,2,P01,0.9,96
vehicle,No ligand; matched carrier,2,P02,1.0,97
vehicle,No ligand; matched carrier,2,P03,1.0,95
vehicle,No ligand; matched carrier,2,P04,1.1,96
ligand_pulse,"Ligand for 2 min, then wash",2,P01,4.5,96
ligand_pulse,"Ligand for 2 min, then wash",2,P02,4.7,97
ligand_pulse,"Ligand for 2 min, then wash",2,P03,5.0,95
ligand_pulse,"Ligand for 2 min, then wash",2,P04,5.0,96
ligand_continuous,Ligand maintained through collection,2,P01,4.6,96
ligand_continuous,Ligand maintained through collection,2,P02,4.9,97
ligand_continuous,Ligand maintained through collection,2,P03,5.1,95
ligand_continuous,Ligand maintained through collection,2,P04,5.0,96
continuous_meki,Continuous ligand; MEK inhibitor pretreatment,2,P01,1.0,96
continuous_meki,Continuous ligand; MEK inhibitor pretreatment,2,P02,1.1,97
continuous_meki,Continuous ligand; MEK inhibitor pretreatment,2,P03,1.2,95
continuous_meki,Continuous ligand; MEK inhibitor pretreatment,2,P04,1.3,96
ligand_egfri,Continuous ligand; receptor inhibitor pretreatment,2,P01,1.1,96
ligand_egfri,Continuous ligand; receptor inhibitor pretreatment,2,P02,1.2,97
ligand_egfri,Continuous ligand; receptor inhibitor pretreatment,2,P03,1.3,95
ligand_egfri,Continuous ligand; receptor inhibitor pretreatment,2,P04,1.2,96
egfri_active_mek,Continuous ligand; receptor block; induced active-MEK bypass,2,P01,4.0,96
egfri_active_mek,Continuous ligand; receptor block; induced active-MEK bypass,2,P02,4.2,97
egfri_active_mek,Continuous ligand; receptor block; induced active-MEK bypass,2,P03,4.3,95
egfri_active_mek,Continuous ligand; receptor block; induced active-MEK bypass,2,P04,4.3,96
vehicle,No ligand; matched carrier,10,P01,0.9,96
vehicle,No ligand; matched carrier,10,P02,1.0,97
vehicle,No ligand; matched carrier,10,P03,1.0,95
vehicle,No ligand; matched carrier,10,P04,1.1,96
ligand_pulse,"Ligand for 2 min, then wash",10,P01,2.5,96
ligand_pulse,"Ligand for 2 min, then wash",10,P02,2.6,97
ligand_pulse,"Ligand for 2 min, then wash",10,P03,2.8,95
ligand_pulse,"Ligand for 2 min, then wash",10,P04,2.9,96
ligand_continuous,Ligand maintained through collection,10,P01,4.0,96
ligand_continuous,Ligand maintained through collection,10,P02,4.2,97
ligand_continuous,Ligand maintained through collection,10,P03,4.5,95
ligand_continuous,Ligand maintained through collection,10,P04,4.5,96
continuous_meki,Continuous ligand; MEK inhibitor pretreatment,10,P01,1.0,96
continuous_meki,Continuous ligand; MEK inhibitor pretreatment,10,P02,1.1,97
continuous_meki,Continuous ligand; MEK inhibitor pretreatment,10,P03,1.2,95
continuous_meki,Continuous ligand; MEK inhibitor pretreatment,10,P04,1.1,96
ligand_egfri,Continuous ligand; receptor inhibitor pretreatment,10,P01,0.9,96
ligand_egfri,Continuous ligand; receptor inhibitor pretreatment,10,P02,1.0,97
ligand_egfri,Continuous ligand; receptor inhibitor pretreatment,10,P03,1.1,95
ligand_egfri,Continuous ligand; receptor inhibitor pretreatment,10,P04,1.0,96
egfri_active_mek,Continuous ligand; receptor block; induced active-MEK bypass,10,P01,3.4,96
egfri_active_mek,Continuous ligand; receptor block; induced active-MEK bypass,10,P02,3.5,97
egfri_active_mek,Continuous ligand; receptor block; induced active-MEK bypass,10,P03,3.7,95
egfri_active_mek,Continuous ligand; receptor block; induced active-MEK bypass,10,P04,3.8,96
vehicle,No ligand; matched carrier,30,P01,0.9,96
vehicle,No ligand; matched carrier,30,P02,1.0,97
vehicle,No ligand; matched carrier,30,P03,1.0,95
vehicle,No ligand; matched carrier,30,P04,1.1,96
ligand_pulse,"Ligand for 2 min, then wash",30,P01,1.3,96
ligand_pulse,"Ligand for 2 min, then wash",30,P02,1.4,97
ligand_pulse,"Ligand for 2 min, then wash",30,P03,1.6,95
ligand_pulse,"Ligand for 2 min, then wash",30,P04,1.7,96
ligand_continuous,Ligand maintained through collection,30,P01,3.6,96
ligand_continuous,Ligand maintained through collection,30,P02,3.7,97
ligand_continuous,Ligand maintained through collection,30,P03,3.9,95
ligand_continuous,Ligand maintained through collection,30,P04,4.0,96
continuous_meki,Continuous ligand; MEK inhibitor pretreatment,30,P01,0.9,96
continuous_meki,Continuous ligand; MEK inhibitor pretreatment,30,P02,1.0,97
continuous_meki,Continuous ligand; MEK inhibitor pretreatment,30,P03,1.1,95
continuous_meki,Continuous ligand; MEK inhibitor pretreatment,30,P04,1.0,96
ligand_egfri,Continuous ligand; receptor inhibitor pretreatment,30,P01,0.9,96
ligand_egfri,Continuous ligand; receptor inhibitor pretreatment,30,P02,1.0,97
ligand_egfri,Continuous ligand; receptor inhibitor pretreatment,30,P03,1.1,95
ligand_egfri,Continuous ligand; receptor inhibitor pretreatment,30,P04,1.0,96
egfri_active_mek,Continuous ligand; receptor block; induced active-MEK bypass,30,P01,3.0,96
egfri_active_mek,Continuous ligand; receptor block; induced active-MEK bypass,30,P02,3.1,97
egfri_active_mek,Continuous ligand; receptor block; induced active-MEK bypass,30,P03,3.3,95
egfri_active_mek,Continuous ligand; receptor block; induced active-MEK bypass,30,P04,3.4,96
vehicle,No ligand; matched carrier,60,P01,0.9,96
vehicle,No ligand; matched carrier,60,P02,1.0,97
vehicle,No ligand; matched carrier,60,P03,1.0,95
vehicle,No ligand; matched carrier,60,P04,1.1,96
ligand_pulse,"Ligand for 2 min, then wash",60,P01,1.0,96
ligand_pulse,"Ligand for 2 min, then wash",60,P02,1.1,97
ligand_pulse,"Ligand for 2 min, then wash",60,P03,1.2,95
ligand_pulse,"Ligand for 2 min, then wash",60,P04,1.1,96
ligand_continuous,Ligand maintained through collection,60,P01,3.0,96
ligand_continuous,Ligand maintained through collection,60,P02,3.1,97
ligand_continuous,Ligand maintained through collection,60,P03,3.3,95
ligand_continuous,Ligand maintained through collection,60,P04,3.4,96
continuous_meki,Continuous ligand; MEK inhibitor pretreatment,60,P01,0.9,96
continuous_meki,Continuous ligand; MEK inhibitor pretreatment,60,P02,1.0,97
continuous_meki,Continuous ligand; MEK inhibitor pretreatment,60,P03,1.1,95
continuous_meki,Continuous ligand; MEK inhibitor pretreatment,60,P04,1.0,96
ligand_egfri,Continuous ligand; receptor inhibitor pretreatment,60,P01,0.9,96
ligand_egfri,Continuous ligand; receptor inhibitor pretreatment,60,P02,1.0,97
ligand_egfri,Continuous ligand; receptor inhibitor pretreatment,60,P03,1.1,95
ligand_egfri,Continuous ligand; receptor inhibitor pretreatment,60,P04,1.0,96
egfri_active_mek,Continuous ligand; receptor block; induced active-MEK bypass,60,P01,2.4,96
egfri_active_mek,Continuous ligand; receptor block; induced active-MEK bypass,60,P02,2.5,97
egfri_active_mek,Continuous ligand; receptor block; induced active-MEK bypass,60,P03,2.7,95
egfri_active_mek,Continuous ligand; receptor block; induced active-MEK bypass,60,P04,2.8,96
