sample,orientation,force_n,replicate,reported_displacement_mm
a00,a,0,1,0.99
a00,a,0,2,1
a00,a,0,3,1.01
a02,a,0.2,1,1.19
a02,a,0.2,2,1.2
a02,a,0.2,3,1.21
a04,a,0.4,1,1.39
a04,a,0.4,2,1.4
a04,a,0.4,3,1.41
b00,b,0,1,0.99
b00,b,0,2,1.0
b00,b,0,3,1.01
b02,b,0.2,1,1.29
b02,b,0.2,2,1.3
b02,b,0.2,3,1.31
b04,b,0.4,1,1.59
b04,b,0.4,2,1.6
b04,b,0.4,3,1.61
ref00,ref,0,1,0.99
ref00,ref,0,2,1.0
ref00,ref,0,3,1.01
ref02,ref,0.2,1,1.09
ref02,ref,0.2,2,1.1
ref02,ref,0.2,3,1.11
ref04,ref,0.4,1,1.19
ref04,ref,0.4,2,1.2
ref04,ref,0.4,3,1.21
