record_id,donor,split,mass_mg,volume,volume_unit,label,score
T01,d01,train,0.5,500,uL,1,0.9
T02,d01,train,1.5,0.5,mL,0,0.8
T03,d02,train,1.0,500,uL,1,0.7
T04,d02,train,2.0,0.5,mL,0,0.6
T05,d03,train,1.5,500,uL,0,0.5
T06,d03,train,2.5,0.5,mL,1,0.4
T07,d04,train,2.0,500,uL,0,0.3
T08,d04,train,3.0,0.5,mL,0,0.2
E01,d05,evaluation,2.5,500,uL,1,0.9
E02,d05,evaluation,3.5,0.5,mL,0,0.8
E03,d06,evaluation,3.0,500,uL,1,0.7
E04,d06,evaluation,4.0,0.5,mL,0,0.6
E05,d07,evaluation,3.5,500,uL,0,0.5
E06,d07,evaluation,4.5,0.5,mL,1,0.4
E07,d08,evaluation,4.0,500,uL,0,0.3
E08,d08,evaluation,5.0,0.5,mL,0,0.2
X01,d01,train,,500,uL,0,0.6
X02,d02,train,1,0,mL,1,0.4
X03,d05,evaluation,nan,0.5,mL,0,0.3
X04,d06,evaluation,2,1,drop,1,0.8
