condition,experiment,time_h,open_area_pct
control,1,0,100
control,2,0,100
control,3,0,100
control,4,0,100
control,1,6,73
control,2,6,76
control,3,6,72
control,4,6,75
control,1,12,48
control,2,12,45
control,3,12,49
control,4,12,46
control,1,18,19
control,2,18,22
control,3,18,20
control,4,18,23
control,1,24,6
control,2,24,3
control,3,24,5
control,4,24,2
migration-inhibitor,1,0,100
migration-inhibitor,2,0,100
migration-inhibitor,3,0,100
migration-inhibitor,4,0,100
migration-inhibitor,1,6,88
migration-inhibitor,2,6,85
migration-inhibitor,3,6,89
migration-inhibitor,4,6,86
migration-inhibitor,1,12,72
migration-inhibitor,2,12,75
migration-inhibitor,3,12,73
migration-inhibitor,4,12,76
migration-inhibitor,1,18,62
migration-inhibitor,2,18,59
migration-inhibitor,3,18,61
migration-inhibitor,4,18,58
migration-inhibitor,1,24,46
migration-inhibitor,2,24,49
migration-inhibitor,3,24,45
migration-inhibitor,4,24,48
division-blocked,1,0,100
division-blocked,2,0,100
division-blocked,3,0,100
division-blocked,4,0,100
division-blocked,1,6,74
division-blocked,2,6,77
division-blocked,3,6,75
division-blocked,4,6,78
division-blocked,1,12,52
division-blocked,2,12,49
division-blocked,3,12,51
division-blocked,4,12,48
division-blocked,1,18,24
division-blocked,2,18,27
division-blocked,3,18,23
division-blocked,4,18,26
division-blocked,1,24,8
division-blocked,2,24,5
division-blocked,3,24,9
division-blocked,4,24,6
