id,ancestry,status,syn1,syn2,syn3
P001,B,control,0,0,0
P002,B,case,1,2,0
P003,B,case,0,2,0
P004,B,control,0,1,0
P005,A,case,1,1,0
P006,B,control,1,0,1
P007,B,control,0,1,0
P008,B,case,2,0,0
P009,A,case,1,0,2
P010,A,control,2,1,1
P011,B,control,0,0,0
P012,B,control,0,0,1
P013,B,control,1,2,0
P014,B,control,0,0,0
P015,A,control,2,2,1
P016,A,control,1,1,0
P017,A,case,2,0,0
P018,B,control,1,1,1
P019,B,control,0,1,1
P020,B,control,1,1,0
P021,A,case,2,2,0
P022,A,case,2,1,1
P023,A,control,1,1,1
P024,B,case,0,1,1
P025,A,case,1,1,1
P026,A,case,2,0,0
P027,B,control,0,2,0
P028,A,case,2,2,1
P029,A,case,1,1,0
P030,B,control,0,0,1
P031,A,case,1,1,1
P032,B,control,0,1,1
P033,A,control,2,0,0
P034,B,control,0,0,1
P035,B,control,1,0,0
P036,B,control,0,1,0
P037,B,case,0,0,0
P038,B,control,2,0,0
P039,A,case,1,2,1
P040,B,control,2,2,0
P041,A,case,0,1,1
P042,A,case,1,2,0
P043,B,control,1,1,0
P044,A,case,0,1,1
P045,A,control,1,0,0
P046,A,case,1,1,1
P047,A,case,0,2,1
P048,A,case,1,2,0
P049,A,control,0,0,0
P050,B,control,0,1,0
P051,A,control,0,0,1
P052,B,control,1,0,0
P053,B,control,1,1,1
P054,A,case,1,1,0
P055,A,case,0,0,1
P056,A,case,1,1,0
P057,B,control,0,0,1
P058,A,case,2,1,0
P059,A,case,2,0,0
P060,B,control,1,1,2
P061,B,control,1,1,0
P062,A,case,2,1,0
P063,A,case,1,2,0
P064,B,control,0,1,0
P065,A,case,2,1,0
P066,A,control,1,0,0
P067,A,case,2,1,2
P068,B,control,0,1,0
P069,B,control,0,0,0
P070,B,control,0,0,1
P071,B,control,0,1,0
P072,B,control,0,0,2
P073,B,control,0,2,0
P074,B,control,0,1,1
P075,B,control,0,0,1
P076,A,case,1,1,0
P077,A,case,1,0,0
P078,B,case,0,1,2
P079,A,case,1,0,0
P080,B,control,0,0,0
P081,A,case,1,1,0
P082,A,control,2,1,0
P083,B,case,0,2,1
P084,A,case,1,2,2
P085,B,case,0,0,1
P086,B,control,1,0,2
P087,A,case,2,0,0
P088,B,case,1,1,0
P089,B,control,1,0,0
P090,B,control,0,0,1
P091,A,case,1,2,1
P092,A,case,0,1,0
P093,B,control,0,0,1
P094,A,case,1,1,0
P095,A,case,2,0,1
P096,A,case,2,1,0
P097,A,case,2,0,1
P098,B,case,0,1,0
P099,A,case,0,1,2
P100,A,case,1,2,1
